F-value,Gene,Likelihood,P-value,Position,UsageType
27.71455816765474,V1-10,6.296812960821256,5.048786886827862e-07,70.0,raw
78.46651415792857,V1-10,22.953274571875767,1.113590271259403e-23,98.0,raw
33.31526838390834,V1-10,7.329897965924611,4.678450448926864e-08,103.0,raw
33.31526838390835,V1-10,7.329897965924611,4.678450448926864e-08,141.0,raw
33.31526838390835,V1-10,7.329897965924611,4.678450448926864e-08,144.0,raw
33.31526838390835,V1-10,7.329897965924611,4.678450448926864e-08,156.0,raw
72.0651257288839,V1-10,21.603555682306133,2.491404919658415e-22,244.0,raw
33.31526838390835,V1-10,7.329897965924611,4.678450448926864e-08,259.0,raw
12.86084106220505,V1-14,3.3649734412429324,0.0004315454666651823,54.0,raw
5.537369450902106,V1-14,1.705797721046555,0.019688030747725904,98.0,raw
1.4820302337410727,V1-14,0.647736546323799,0.22504193513806162,173.0,raw
49.03105830589386,V1-17,10.210635758489966,6.15693036173449e-11,111.0,raw
52.09963093637523,V1-17,10.72955042853135,1.86401572366485e-11,132.0,raw
86.30598359631185,V1-17,25.562461473055723,2.7386625745384154e-26,141.0,raw
86.30598359631185,V1-17,25.562461473055723,2.7386625745384154e-26,144.0,raw
121.32195443164451,V1-17,32.27052440039089,5.36383734422658e-33,149.0,raw
344.2344900684779,V1-20,53.84421606660306,1.431475546197461e-54,85.0,raw
505.7350887112,V1-20,47.59452098991368,2.5437768467213327e-48,103.0,raw
300.66211677810776,V1-20,50.48529799730942,3.271161624669667e-51,141.0,raw
1.4770263572575013,V1-20,0.6453425054482768,0.22628590046065344,142.0,raw
1.4770263572575013,V1-20,0.6453425054482768,0.22628590046065344,144.0,raw
270.82945583455347,V1-20,47.94907406362428,1.12441320266452e-48,172.0,raw
505.7350887111997,V1-20,47.59452098991367,2.5437768467214008e-48,173.0,raw
21.678566333256246,V1-21,8.319484569493799,4.7919847855336675e-09,70.0,raw
21.678566333256253,V1-21,8.319484569493802,4.7919847855336146e-09,259.0,raw
53.01339956894988,V1-27,17.848635511502412,1.416982505988481e-18,85.0,raw
78.56410853496257,V1-27,24.086611982552164,8.191963666902641e-25,94.0,raw
90.76911858571474,V1-27,26.727574431487906,1.8725161346476332e-27,98.0,raw
103.23282866612622,V1-27,18.50219360292394,3.146345400896829e-19,212.0,raw
103.23282866612622,V1-27,18.50219360292394,3.146345400896829e-19,218.0,raw
51.31106527531745,V1-27,17.39253827662927,4.050062482583823e-18,259.0,raw
4.388769790685141,V1-7,1.4242364467728335,0.03764987626341434,42.0,raw
0.21399404638918793,V1-7,0.19095038542623388,0.6442428607611157,57.0,raw
0.21399404638918793,V1-7,0.19095038542623388,0.6442428607611157,71.0,raw
2.3135476490194162,V1-7,0.9913302432573735,0.10201634429395628,87.0,raw
2.3135476490194162,V1-7,0.9913302432573735,0.10201634429395628,126.0,raw
32.311570252075086,V1-7,7.254888635267121,5.560468242838616e-08,148.0,raw
