F-value,Gene,Likelihood,P-value,Position
0.5301350847970022,V1-10,0.22937945093837145,0.5896856360298975,98.0
0.9397257871239046,V1-10,0.4762728838988736,0.33398511840796996,259.0
0.0002281456206492344,V1-10,0.0052562989921762955,0.9879698719235699,70.0
0.9397257871239046,V1-10,0.4762728838988736,0.33398511840796996,103.0
0.9397257871239046,V1-10,0.4762728838988736,0.33398511840796996,141.0
0.9397257871239046,V1-10,0.4762728838988736,0.33398511840796996,144.0
2.5365905637197432,V1-10,1.0824050631896383,0.08271703083049313,244.0
0.9397257871239046,V1-10,0.4762728838988736,0.33398511840796996,156.0
0.0355629009655061,V1-14,0.07025814293959896,0.850632275411632,98.0
3.871176232369291,V1-14,1.2954211243053286,0.0506499330565677,173.0
0.018563976143499927,V1-14,0.049744550172860114,0.8917753216519522,54.0
0.0003705997373401338,V1-17,0.00671180747074649,0.984664300249389,132.0
4.9663593210162995,V1-17,2.093699513801941,0.008059358713674442,141.0
15.062839248493377,V1-17,3.822752564151385,0.00015039986133559387,111.0
4.9663593210162995,V1-17,2.093699513801941,0.008059358713674442,144.0
4.323176553490553,V1-17,1.8294285599670614,0.014810558641139808,149.0
25.65419002247049,V1-20,5.897430306145526,1.266396477484941e-06,103.0
12.746391438860066,V1-20,5.082677320412945,8.266519215280391e-06,172.0
7.734680952624074,V1-20,3.1850148832600054,0.0006531081702648372,141.0
1.79988524252929,V1-20,0.7401709627173779,0.1818984663053333,142.0
25.65419002247049,V1-20,5.897430306145526,1.266396477484941e-06,173.0
1.79988524252929,V1-20,0.7401709627173779,0.1818984663053333,144.0
12.853245862399948,V1-20,5.121866196140991,7.55324903473765e-06,85.0
4.913405357769437,V1-21,2.070136114505078,0.00850871320376985,259.0
4.913405357769437,V1-21,2.070136114505078,0.00850871320376985,70.0
9.085243505417772,V1-27,3.7465304615523882,0.00017925428184355536,98.0
8.750637312759377,V1-27,3.6151597760161773,0.00024257175145889697,259.0
14.173915418477016,V1-27,3.6387963169779165,0.00022972257886341417,212.0
11.764804611831556,V1-27,4.781837831615876,1.6525787666914154e-05,85.0
14.173915418477016,V1-27,3.6387963169779165,0.00022972257886341417,218.0
8.077908948966876,V1-27,3.349597610075094,0.00044709765283709876,94.0
6.711190838410102,V1-7,1.9826298971227783,0.010408067566173303,71.0
8.68452451497134,V1-7,2.436833429480813,0.0036573503975498526,42.0
154.17167982292938,V1-7,24.92035019643443,1.201295370925249e-25,148.0
0.9216498632452875,V1-7,0.39811297189427014,0.3998407267035392,87.0
6.711190838410102,V1-7,1.9826298971227783,0.010408067566173303,57.0
0.9216498632452875,V1-7,0.39811297189427014,0.3998407267035392,126.0
